{"chatglm-6b": 857.1232791617001, "koala-13b": 901.8496758836011, "oasst-pythia-12b": 811.5831422099784, "alpaca-13b": 850.9789629144668, "vicuna-13b": 869.0327845462994, "dolly-v2-12b": 781.088351153967, "stablelm-tuned-alpha-7b": 830.2303690840334, "llama-13b": 800.0, "fastchat-t5-3b": 794.9462039356033, "gpt-3.5-turbo-0314": 1051.476001228608, "gpt-4-0314": 997.5078347509125, "RWKV-4-Raven-14B": 874.7189151275982, "claude-1": 1041.6116082272647, "mpt-7b-chat": 868.6098323347667, "palm-2": 924.3328458375815, "claude-instant-1": 992.4032431164192, "vicuna-7b": 909.3671199888428, "wizardlm-13b": 972.0188795178333, "gpt4all-13b-snoozy": 886.1478184503935, "guanaco-33b": 974.312674431905, "vicuna-33b": 905.6436053476984, "mpt-30b-chat": 971.2617708244545, "gpt-3.5-turbo-0613": 999.7367686329735, "gpt-4-0613": 996.1600579393223, "llama-2-7b-chat": 896.238598204601, "claude-2.0": 1016.8951494628247, "llama-2-13b-chat": 964.7827213559957, "chatglm2-6b": 835.0359864825151, "llama-2-70b-chat": 1008.5564024121745, "codellama-34b-instruct": 934.3867335277233, "wizardlm-70b": 979.3837519856891, "falcon-180b-chat": 922.938272974867, "mistral-7b-instruct": 898.6068482703787, "qwen-14b-chat": 921.2451647950171, "zephyr-7b-alpha": 948.3330411224755, "zephyr-7b-beta": 911.5397953970644, "openchat-3.5": 949.3773214600799, "gpt-4-1106-preview": 1049.5148574306959, "gpt-3.5-turbo-1106": 938.0307930144185, "chatglm3-6b": 815.2271847251774, "claude-2.1": 979.5545184717582, "tulu-2-dpo-70b": 963.2596875656698, "yi-34b-chat": 932.554080923418, "starling-lm-7b-alpha": 943.6935093286559, "openhermes-2.5-mistral-7b": 936.0382803676364, "pplx-70b-online": 931.2209845058143, "pplx-7b-online": 948.7870310263147, "dolphin-2.2.1-mistral-7b": 977.1640212525956, "mixtral-8x7b-instruct-v0.1": 939.8849669340627, "gemini-pro": 1006.4669030902592, "solar-10.7b-instruct-v1.0": 959.5572601499528, "mistral-medium": 964.0127852866586, "llama2-70b-steerlm-chat": 965.9956630104189, "gemini-pro-dev-api": 1017.7121721146104, "stripedhyena-nous-7b": 919.6807474306668, "bard-jan-24-gemini-pro": 1043.9670957447022, "deepseek-llm-67b-chat": 959.1353510816907, "gpt-4-0125-preview": 1060.1951537987245, "gpt-3.5-turbo-0125": 917.3131458050208, "nous-hermes-2-mixtral-8x7b-dpo": 971.6379922547856, "mistral-7b-instruct-v0.2": 891.6779463910374, "qwen1.5-72b-chat": 936.103135790566, "openchat-3.5-0106": 956.8646276893174, "qwen1.5-4b-chat": 857.4997934055046, "qwen1.5-7b-chat": 934.1020498781194, "codellama-70b-instruct": 874.5743283048341, "mistral-next": 971.3197981569169, "gemma-2b-it": 866.9906320092362, "gemma-7b-it": 916.9858656108595, "mistral-large-2402": 974.5357142200876, "olmo-7b-instruct": 875.9608393840441, "claude-3-sonnet-20240229": 1012.1663372206685, "claude-3-opus-20240229": 1061.8148675296238, "claude-3-haiku-20240307": 991.0255418995664, "starling-lm-7b-beta": 963.699448540543, "command-r": 949.5727637594496, "dbrx-instruct-preview": 905.7047053943836, "qwen1.5-14b-chat": 933.6672642519674, "qwen1.5-32b-chat": 920.3947349742929, "command-r-plus": 1010.0712905335961, "gemma-1.1-7b-it": 871.7189179546837, "gpt-4-turbo-2024-04-09": 1034.318248343683, "zephyr-orpo-141b-A35b-v0.1": 989.383789466197, "gemma-1.1-2b-it": 851.8735341880794, "gemini-1.5-pro-api-0409-preview": 1108.84653030011, "reka-flash-21b-20240226-online": 968.7258544714141, "reka-flash-21b-20240226": 948.5751659727257, "mixtral-8x22b-instruct-v0.1": 963.0786472382281, "llama-3-8b-instruct": 983.6919758897373, "llama-3-70b-instruct": 1027.5958427505489, "phi-3-mini-128k-instruct": 872.2376540539485, "snowflake-arctic-instruct": 883.3160699168825, "reka-core-20240501": 999.0333741699662, "qwen1.5-110b-chat": 962.4881956700696, "qwen-max-0428": 1001.7630327893801, "gpt-4o-2024-05-13": 1098.8058519455124, "yi-large-preview": 1040.757703533605, "glm-4-0116": 992.6937540235042, "phi-3-mini-4k-instruct": 880.667937697629, "gemini-advanced-0514": 1061.9582125172155, "gemini-1.5-pro-api-0514": 1052.4968071880419, "gemini-1.5-flash-api-0514": 1023.4916027431691}